<ImportExportXml xmlns:xsi="http://www.w3.org/2001/XMLSchema-instance" OrganizationVersion="9.2.24102.172" OrganizationSchemaType="Standard" CRMServerServiceabilityVersion="9.2.24102.00172">
  <Entities></Entities>
  <Roles></Roles>
  <Workflows></Workflows>
  <FieldSecurityProfiles></FieldSecurityProfiles>
  <Templates />
  <EntityMaps />
  <EntityRelationships />
  <OrganizationSettings />
  <optionsets />
  <CustomControls />
  <EntityDataProviders />
  <Connectors>
    <Connector>
      <connectorid>61e99cdd-b117-4ece-a47d-1202b98adfda</connectorid>
      <description></description>
      <displayname>PromptMasterAzureOAI</displayname>
      <iconbrandcolor>#007ee5</iconbrandcolor>
      <name>msftpm_promptmasterazureoai</name>
      <connectortype>1</connectortype>
      <openapidefinition>/Connector/msftpm_promptmasterazureoai_openapidefinition.json</openapidefinition>
      <connectionparameters>/Connector/msftpm_promptmasterazureoai_connectionparameters.json</connectionparameters>
      <policytemplateinstances>/Connector/msftpm_promptmasterazureoai_policytemplateinstances.json</policytemplateinstances>
      <iconblob>/Connector/msftpm_promptmasterazureoai_iconblob.Png</iconblob>
    </Connector>
  </Connectors>
  <Languages>
    <Language>1033</Language>
  </Languages>
</ImportExportXml>