<environmentvariabledefinition schemaname="msftpm_PromptMasterPlayerChallengesList">
  <apiid>/providers/microsoft.powerapps/apis/shared_sharepointonline</apiid>
  <description default="Prompt Master Player Challenges SharePoint List">
    <label description="Prompt Master Player Challenges SharePoint List" languagecode="1033" />
  </description>
  <displayname default="Prompt Master Player Challenges List">
    <label description="Prompt Master Player Challenges List" languagecode="1033" />
  </displayname>
  <introducedversion>1.0.0.0</introducedversion>
  <iscustomizable>1</iscustomizable>
  <isrequired>0</isrequired>
  <parameterkey>table</parameterkey>
  <parentdefinitionid>
    <schemaname>msftpm_PromptMasterSPOSite</schemaname>
  </parentdefinitionid>
  <secretstore>0</secretstore>
  <type>100000004</type>
</environmentvariabledefinition>