<environmentvariabledefinition schemaname="msftpm_PromptMasterProSPOSite">
  <apiid>/providers/microsoft.powerapps/apis/shared_sharepointonline</apiid>
  <description default="Prompt Master Pro SharePoint site">
    <label description="Prompt Master Pro SharePoint site" languagecode="1033" />
  </description>
  <displayname default="Prompt Master Pro SPO Site">
    <label description="Prompt Master Pro SPO Site" languagecode="1033" />
  </displayname>
  <introducedversion>1.0.0.0</introducedversion>
  <iscustomizable>1</iscustomizable>
  <isrequired>0</isrequired>
  <parameterkey>dataset</parameterkey>
  <secretstore>0</secretstore>
  <type>100000004</type>
</environmentvariabledefinition>