<ImportExportXml version="9.2.24101.180" SolutionPackageVersion="9.2" languagecode="1033" generatedBy="CrmLive" xmlns:xsi="http://www.w3.org/2001/XMLSchema-instance" OrganizationVersion="9.2.24101.180" OrganizationSchemaType="Standard" CRMServerServiceabilityVersion="9.2.24102.00172">
  <SolutionManifest>
    <UniqueName>PromptMaster</UniqueName>
    <LocalizedNames>
      <LocalizedName description="Prompt Master" languagecode="1033" />
    </LocalizedNames>
    <Descriptions />
    <Version>1.0.0.0</Version>
    <Managed>0</Managed>
    <Publisher>
      <UniqueName>MSFTPromptMaster</UniqueName>
      <LocalizedNames>
        <LocalizedName description="MSFT Prompt Master" languagecode="1033" />
      </LocalizedNames>
      <Descriptions />
      <EMailAddress xsi:nil="true"></EMailAddress>
      <SupportingWebsiteUrl xsi:nil="true"></SupportingWebsiteUrl>
      <CustomizationPrefix>msftpm</CustomizationPrefix>
      <CustomizationOptionValuePrefix>31775</CustomizationOptionValuePrefix>
      <Addresses>
        <Address>
          <AddressNumber>1</AddressNumber>
          <AddressTypeCode>1</AddressTypeCode>
          <City xsi:nil="true"></City>
          <County xsi:nil="true"></County>
          <Country xsi:nil="true"></Country>
          <Fax xsi:nil="true"></Fax>
          <FreightTermsCode xsi:nil="true"></FreightTermsCode>
          <ImportSequenceNumber xsi:nil="true"></ImportSequenceNumber>
          <Latitude xsi:nil="true"></Latitude>
          <Line1 xsi:nil="true"></Line1>
          <Line2 xsi:nil="true"></Line2>
          <Line3 xsi:nil="true"></Line3>
          <Longitude xsi:nil="true"></Longitude>
          <Name xsi:nil="true"></Name>
          <PostalCode xsi:nil="true"></PostalCode>
          <PostOfficeBox xsi:nil="true"></PostOfficeBox>
          <PrimaryContactName xsi:nil="true"></PrimaryContactName>
          <ShippingMethodCode>1</ShippingMethodCode>
          <StateOrProvince xsi:nil="true"></StateOrProvince>
          <Telephone1 xsi:nil="true"></Telephone1>
          <Telephone2 xsi:nil="true"></Telephone2>
          <Telephone3 xsi:nil="true"></Telephone3>
          <TimeZoneRuleVersionNumber xsi:nil="true"></TimeZoneRuleVersionNumber>
          <UPSZone xsi:nil="true"></UPSZone>
          <UTCOffset xsi:nil="true"></UTCOffset>
          <UTCConversionTimeZoneCode xsi:nil="true"></UTCConversionTimeZoneCode>
        </Address>
        <Address>
          <AddressNumber>2</AddressNumber>
          <AddressTypeCode>1</AddressTypeCode>
          <City xsi:nil="true"></City>
          <County xsi:nil="true"></County>
          <Country xsi:nil="true"></Country>
          <Fax xsi:nil="true"></Fax>
          <FreightTermsCode xsi:nil="true"></FreightTermsCode>
          <ImportSequenceNumber xsi:nil="true"></ImportSequenceNumber>
          <Latitude xsi:nil="true"></Latitude>
          <Line1 xsi:nil="true"></Line1>
          <Line2 xsi:nil="true"></Line2>
          <Line3 xsi:nil="true"></Line3>
          <Longitude xsi:nil="true"></Longitude>
          <Name xsi:nil="true"></Name>
          <PostalCode xsi:nil="true"></PostalCode>
          <PostOfficeBox xsi:nil="true"></PostOfficeBox>
          <PrimaryContactName xsi:nil="true"></PrimaryContactName>
          <ShippingMethodCode>1</ShippingMethodCode>
          <StateOrProvince xsi:nil="true"></StateOrProvince>
          <Telephone1 xsi:nil="true"></Telephone1>
          <Telephone2 xsi:nil="true"></Telephone2>
          <Telephone3 xsi:nil="true"></Telephone3>
          <TimeZoneRuleVersionNumber xsi:nil="true"></TimeZoneRuleVersionNumber>
          <UPSZone xsi:nil="true"></UPSZone>
          <UTCOffset xsi:nil="true"></UTCOffset>
          <UTCConversionTimeZoneCode xsi:nil="true"></UTCConversionTimeZoneCode>
        </Address>
      </Addresses>
    </Publisher>
    <RootComponents>
      <RootComponent type="29" id="{da40b037-bc90-ef11-8a69-7c1e52656107}" behavior="0" />
      <RootComponent type="29" id="{db40b037-bc90-ef11-8a69-7c1e52656107}" behavior="0" />
      <RootComponent type="300" schemaName="msftpm_promptmaster_b6d68" behavior="0" />
    </RootComponents>
    <MissingDependencies>
      <MissingDependency>
        <Required type="1" schemaName="environmentvariabledefinition" displayName="Environment Variable Definition" solution="EnvironmentVariables (1.0.2406.4)">
          <package>EnvironmentVariablesSolutionAnchor (1.0.2406.4)</package>
        </Required>
        <Dependent type="300" schemaName="msftpm_promptmaster_b6d68" displayName="Prompt Master" />
      </MissingDependency>
      <MissingDependency>
        <Required type="1" schemaName="environmentvariablevalue" displayName="Environment Variable Value" solution="EnvironmentVariables (1.0.2406.4)">
          <package>EnvironmentVariablesSolutionAnchor (1.0.2406.4)</package>
        </Required>
        <Dependent type="300" schemaName="msftpm_promptmaster_b6d68" displayName="Prompt Master" />
      </MissingDependency>
      <MissingDependency>
        <Required type="372" schemaName="msftpm_promptmasterazureoai" displayName="PromptMasterAzureOAI" solution="Active" id="{61e99cdd-b117-4ece-a47d-1202b98adfda}" />
        <Dependent type="29" displayName="Create Player Name" id="{da40b037-bc90-ef11-8a69-7c1e52656107}" />
      </MissingDependency>
      <MissingDependency>
        <Required type="372" schemaName="msftpm_promptmasterazureoai" displayName="PromptMasterAzureOAI" solution="Active" id="{61e99cdd-b117-4ece-a47d-1202b98adfda}" />
        <Dependent type="29" displayName="Rate Prompt" id="{db40b037-bc90-ef11-8a69-7c1e52656107}" />
      </MissingDependency>
      <MissingDependency>
        <Required type="372" schemaName="msftpm_promptmasterazureoai" displayName="PromptMasterAzureOAI" solution="Active" id="{61e99cdd-b117-4ece-a47d-1202b98adfda}" />
        <Dependent type="300" schemaName="msftpm_promptmaster_b6d68" displayName="Prompt Master" />
      </MissingDependency>
      <MissingDependency>
        <Required type="372" schemaName="msftpm_promptmasterazureoai" displayName="PromptMasterAzureOAI" solution="Active" id="{61e99cdd-b117-4ece-a47d-1202b98adfda}" />
        <Dependent type="connectionreference" displayName="msftpm_PromptMasterAzureOAIConnection" id.connectionreferencelogicalname="msftpm_PromptMasterAzureOAIConnection" />
      </MissingDependency>
    </MissingDependencies>
  </SolutionManifest>
</ImportExportXml>