<environmentvariabledefinition schemaname="msftpm_PromptMasterSPOSiteURL">
  <description default="Prompt Master SharePoint Site URL">
    <label description="Prompt Master SharePoint Site URL" languagecode="1033" />
  </description>
  <displayname default="Prompt Master SPO Site URL">
    <label description="Prompt Master SPO Site URL" languagecode="1033" />
  </displayname>
  <introducedversion>1.0.0.0</introducedversion>
  <iscustomizable>1</iscustomizable>
  <isrequired>0</isrequired>
  <secretstore>0</secretstore>
  <type>100000000</type>
</environmentvariabledefinition>