<ImportExportXml xmlns:xsi="http://www.w3.org/2001/XMLSchema-instance" OrganizationVersion="9.2.25013.202" OrganizationSchemaType="Standard" CRMServerServiceabilityVersion="9.2.25013.00202">
  <Entities></Entities>
  <Roles></Roles>
  <Workflows>
    <Workflow WorkflowId="{78b51e01-f8ed-ef11-9341-6045bddaa0c3}" Name="Rate Prompt - Prompt Master Pro">
      <JsonFileName>/Workflows/RatePrompt-PromptMasterPro-78B51E01-F8ED-EF11-9341-6045BDDAA0C3.json</JsonFileName>
      <Type>1</Type>
      <Subprocess>0</Subprocess>
      <Category>5</Category>
      <Mode>0</Mode>
      <Scope>4</Scope>
      <OnDemand>0</OnDemand>
      <TriggerOnCreate>0</TriggerOnCreate>
      <TriggerOnDelete>0</TriggerOnDelete>
      <AsyncAutodelete>0</AsyncAutodelete>
      <SyncWorkflowLogOnFailure>0</SyncWorkflowLogOnFailure>
      <StateCode>1</StateCode>
      <StatusCode>2</StatusCode>
      <RunAs>1</RunAs>
      <IsTransacted>1</IsTransacted>
      <IntroducedVersion>1.0.0.0</IntroducedVersion>
      <IsCustomizable>1</IsCustomizable>
      <BusinessProcessType>0</BusinessProcessType>
      <IsCustomProcessingStepAllowedForOtherPublishers>1</IsCustomProcessingStepAllowedForOtherPublishers>
      <PrimaryEntity>none</PrimaryEntity>
      <LocalizedNames>
        <LocalizedName languagecode="1033" description="Rate Prompt - Prompt Master Pro" />
      </LocalizedNames>
    </Workflow>
    <Workflow WorkflowId="{2fcb924e-f9ed-ef11-9341-6045bddaa0c3}" Name="Send New Challenge Notification">
      <JsonFileName>/Workflows/SendNewChallengeNotification-2FCB924E-F9ED-EF11-9341-6045BDDAA0C3.json</JsonFileName>
      <Type>1</Type>
      <Subprocess>0</Subprocess>
      <Category>5</Category>
      <Mode>0</Mode>
      <Scope>4</Scope>
      <OnDemand>0</OnDemand>
      <TriggerOnCreate>0</TriggerOnCreate>
      <TriggerOnDelete>0</TriggerOnDelete>
      <AsyncAutodelete>0</AsyncAutodelete>
      <SyncWorkflowLogOnFailure>0</SyncWorkflowLogOnFailure>
      <StateCode>1</StateCode>
      <StatusCode>2</StatusCode>
      <RunAs>1</RunAs>
      <IsTransacted>1</IsTransacted>
      <IntroducedVersion>1.0.0.0</IntroducedVersion>
      <IsCustomizable>1</IsCustomizable>
      <BusinessProcessType>0</BusinessProcessType>
      <IsCustomProcessingStepAllowedForOtherPublishers>1</IsCustomProcessingStepAllowedForOtherPublishers>
      <PrimaryEntity>none</PrimaryEntity>
      <LocalizedNames>
        <LocalizedName languagecode="1033" description="Send New Challenge Notification" />
      </LocalizedNames>
    </Workflow>
  </Workflows>
  <FieldSecurityProfiles></FieldSecurityProfiles>
  <Templates />
  <EntityMaps />
  <EntityRelationships />
  <OrganizationSettings />
  <optionsets />
  <CustomControls />
  <EntityDataProviders />
  <CanvasApps>
    <CanvasApp>
      <Name>msftpm_promptmasterpro_e90bd</Name>
      <AppVersion>2025-02-25T08:30:35Z</AppVersion>
      <Status>Ready</Status>
      <CreatedByClientVersion>3.25022.11.0</CreatedByClientVersion>
      <MinClientVersion>3.25022.11.0</MinClientVersion>
      <Tags>{"primaryDeviceWidth":"1366","primaryDeviceHeight":"768","supportsPortrait":"true","supportsLandscape":"true","primaryFormFactor":"Tablet","showStatusBar":"false","publisherVersion":"3.25022.11","minimumRequiredApiVersion":"2.2.0","hasComponent":"true","hasUnlockedComponent":"true","isUnifiedRootApp":"false","sienaVersion":"20250224T162841Z-3.25021.9.0"}</Tags>
      <IsCdsUpgraded>0</IsCdsUpgraded>
      <GalleryItemId xsi:nil="true"></GalleryItemId>
      <BackgroundColor>rgba(0, 120, 212, 1)</BackgroundColor>
      <DisplayName>Prompt Master Pro</DisplayName>
      <Description xsi:nil="true"></Description>
      <CommitMessage xsi:nil="true"></CommitMessage>
      <Publisher xsi:nil="true"></Publisher>
      <AuthorizationReferences>[]</AuthorizationReferences>
      <ConnectionReferences>{"cde49e3f-c606-443c-834f-79ac9ba827a0":{"id":"/providers/microsoft.powerapps/apis/shared_sharepointonline","displayName":"SharePoint","iconUri":"https://conn-afd-prod-endpoint-bmc9bqahasf3grgk.b01.azurefd.net/releases/v1.0.1723/1.0.1723.3986/sharepointonline/icon.png","dataSources":["Prompt Master Pro Configuration List","Prompt Master Pro Challenges List","Prompt Master Pro Players List","Prompt Master Pro Player Challenges List"],"dependencies":[],"dependents":[],"parameterHints":{},"parameterHintsV2":{},"isOnPremiseConnection":false,"bypassConsent":false,"dataSets":{"https://m365cpi17761500.sharepoint.com/sites/PromptMasterV2_msftpm_PromptMasterProSPOSite":{"datasetOverride":{"name":"https://m365cpi17761500.sharepoint.com/sites/PromptMasterV2","environmentVariableName":"msftpm_PromptMasterProSPOSite"},"dataSources":{"Prompt Master Pro Configuration List":{"tableName":"6d074671-6432-4d34-ac07-879cb8841285","tableNameOverride":{"name":"6d074671-6432-4d34-ac07-879cb8841285","environmentVariableName":"msftpm_PromptMasterProConfigurationList"}},"Prompt Master Pro Challenges List":{"tableName":"4a1f03eb-33db-4780-95a0-706e57ee0b58","tableNameOverride":{"name":"4a1f03eb-33db-4780-95a0-706e57ee0b58","environmentVariableName":"msftpm_PromptMasterProChallengesList"}},"Prompt Master Pro Players List":{"tableName":"b16dc266-a3ca-4a04-897e-e80155513ff6","tableNameOverride":{"name":"b16dc266-a3ca-4a04-897e-e80155513ff6","environmentVariableName":"msftpm_PromptMasterProPlayersList"}},"Prompt Master Pro Player Challenges List":{"tableName":"7c847e72-3380-4445-b1d6-1e5041ac907d","tableNameOverride":{"name":"7c847e72-3380-4445-b1d6-1e5041ac907d","environmentVariableName":"msftpm_PromptMasterProPlayerChallengesList"}}}}},"apiTier":"Standard","actions":["providers/PowerPlatform.Governance/Operations/Read","providers/PowerPlatform.Governance/Operations/Write"]},"511a2279-b541-4ce8-90c7-d3406946aa79":{"id":"/providers/microsoft.powerapps/apis/shared_office365users","displayName":"Office 365 Users","iconUri":"https://conn-afd-prod-endpoint-bmc9bqahasf3grgk.b01.azurefd.net/releases/v1.0.1718/1.0.1718.3951/office365users/icon.png","dataSources":["Office365Users"],"dependencies":[],"dependents":[],"parameterHints":{},"parameterHintsV2":{},"isOnPremiseConnection":false,"bypassConsent":false,"dataSets":{},"apiTier":"Standard","actions":["MyProfile_V2"]},"c67b4e86-ddc2-4fcb-87fe-02fa6fc635a9":{"id":"/providers/microsoft.powerapps/apis/shared_sharepointonline","displayName":"SharePoint","iconUri":"https://conn-afd-prod-endpoint-bmc9bqahasf3grgk.b01.azurefd.net/releases/v1.0.1723/1.0.1723.3986/sharepointonline/icon.png","dataSources":["Prompt Master Pro Challenge Submissions List"],"dependencies":[],"dependents":[],"parameterHints":{},"parameterHintsV2":{},"isOnPremiseConnection":false,"bypassConsent":false,"dataSets":{"https://m365cpi17761500.sharepoint.com/sites/PromptMasterV2_msftpm_PromptMasterProSPOSite":{"datasetOverride":{"name":"https://m365cpi17761500.sharepoint.com/sites/PromptMasterV2","environmentVariableName":"msftpm_PromptMasterProSPOSite"},"dataSources":{"Prompt Master Pro Challenge Submissions List":{"tableName":"156fbf97-bd81-4d2c-ae5d-d87384411604","tableNameOverride":{"name":"156fbf97-bd81-4d2c-ae5d-d87384411604","environmentVariableName":"msftpm_PromptMasterProChallengeSubmissionsList"}}}}},"apiTier":"Standard","actions":["providers/PowerPlatform.Governance/Operations/Read","providers/PowerPlatform.Governance/Operations/Write"]}}</ConnectionReferences>
      <DatabaseReferences>{}</DatabaseReferences>
      <AppComponents>[]</AppComponents>
      <AppComponentDependencies>[]</AppComponentDependencies>
      <CanConsumeAppPass>0</CanConsumeAppPass>
      <CanvasAppType>0</CanvasAppType>
      <BypassConsent>0</BypassConsent>
      <AdminControlBypassConsent>0</AdminControlBypassConsent>
      <EmbeddedApp xsi:nil="true"></EmbeddedApp>
      <IntroducedVersion>1.0</IntroducedVersion>
      <CdsDependencies>{"cdsdependencies":[{"logicalname":"msftpm_PromptMasterProSPOSite","componenttype":380,"componenttypeplatformname":"EnvironmentVariableDefinition"},{"logicalname":"msftpm_PromptMasterProConfigurationList","componenttype":380,"componenttypeplatformname":"EnvironmentVariableDefinition"},{"logicalname":"msftpm_PromptMasterProChallengesList","componenttype":380,"componenttypeplatformname":"EnvironmentVariableDefinition"},{"logicalname":"msftpm_PromptMasterProPlayersList","componenttype":380,"componenttypeplatformname":"EnvironmentVariableDefinition"},{"logicalname":"msftpm_PromptMasterProPlayerChallengesList","componenttype":380,"componenttypeplatformname":"EnvironmentVariableDefinition"},{"logicalname":"msftpm_PromptMasterProChallengeSubmissionsList","componenttype":380,"componenttypeplatformname":"EnvironmentVariableDefinition"}]}</CdsDependencies>
      <IsCustomizable>1</IsCustomizable>
      <BackgroundImageUri>/CanvasApps/msftpm_promptmasterpro_e90bd_BackgroundImageUri</BackgroundImageUri>
      <DocumentUri>/CanvasApps/msftpm_promptmasterpro_e90bd_DocumentUri.msapp</DocumentUri>
      <AdditionalUris>
        <AdditionalUri>/CanvasApps/msftpm_promptmasterpro_e90bd_AdditionalUris0_identity.json</AdditionalUri>
      </AdditionalUris>
    </CanvasApp>
  </CanvasApps>
  <connectionreferences>
    <connectionreference connectionreferencelogicalname="msftpm_PromptMasterAzureOAIConnection">
      <connectionreferencedisplayname>Prompt Master Azure OAI Connection</connectionreferencedisplayname>
      <connectorid>/providers/Microsoft.PowerApps/apis/shared_msftpm-5fpromptmasterazureoai-5fd10331bfbd8fa8d2</connectorid>
      <customconnectorid>
        <connectorid>61e99cdd-b117-4ece-a47d-1202b98adfda</connectorid>
      </customconnectorid>
      <description>Connection to PromptMasterAzureOAI Custom Connector</description>
      <iscustomizable>1</iscustomizable>
      <promptingbehavior>0</promptingbehavior>
      <statecode>0</statecode>
      <statuscode>1</statuscode>
    </connectionreference>
    <connectionreference connectionreferencelogicalname="msftpm_PromptMasterProSharePointConnection">
      <connectionreferencedisplayname>Prompt Master Pro SharePoint Connection</connectionreferencedisplayname>
      <connectorid>/providers/Microsoft.PowerApps/apis/shared_sharepointonline</connectorid>
      <description>Connection to SharePoint</description>
      <iscustomizable>1</iscustomizable>
      <promptingbehavior>0</promptingbehavior>
      <statecode>0</statecode>
      <statuscode>1</statuscode>
    </connectionreference>
    <connectionreference connectionreferencelogicalname="msftpm_PromptMasterProTeamsConnection">
      <connectionreferencedisplayname>Prompt Master Pro Teams Connection</connectionreferencedisplayname>
      <connectorid>/providers/Microsoft.PowerApps/apis/shared_teams</connectorid>
      <description>Connection to Microsoft Teams</description>
      <iscustomizable>1</iscustomizable>
      <promptingbehavior>0</promptingbehavior>
      <statecode>0</statecode>
      <statuscode>1</statuscode>
    </connectionreference>
  </connectionreferences>
  <Languages>
    <Language>1033</Language>
  </Languages>
</ImportExportXml>