<ImportExportXml xmlns:xsi="http://www.w3.org/2001/XMLSchema-instance" OrganizationVersion="9.2.24104.190" OrganizationSchemaType="Standard" CRMServerServiceabilityVersion="9.2.24104.00190">
  <Entities></Entities>
  <Roles></Roles>
  <Workflows>
    <Workflow WorkflowId="{da40b037-bc90-ef11-8a69-7c1e52656107}" Name="Create Player Name">
      <JsonFileName>/Workflows/CreatePlayerName-DA40B037-BC90-EF11-8A69-7C1E52656107.json</JsonFileName>
      <Type>1</Type>
      <Subprocess>0</Subprocess>
      <Category>5</Category>
      <Mode>0</Mode>
      <Scope>4</Scope>
      <OnDemand>0</OnDemand>
      <TriggerOnCreate>0</TriggerOnCreate>
      <TriggerOnDelete>0</TriggerOnDelete>
      <AsyncAutodelete>0</AsyncAutodelete>
      <SyncWorkflowLogOnFailure>0</SyncWorkflowLogOnFailure>
      <StateCode>1</StateCode>
      <StatusCode>2</StatusCode>
      <RunAs>1</RunAs>
      <IsTransacted>1</IsTransacted>
      <IntroducedVersion>1.0.0.0</IntroducedVersion>
      <IsCustomizable>1</IsCustomizable>
      <BusinessProcessType>0</BusinessProcessType>
      <IsCustomProcessingStepAllowedForOtherPublishers>1</IsCustomProcessingStepAllowedForOtherPublishers>
      <PrimaryEntity>none</PrimaryEntity>
      <LocalizedNames>
        <LocalizedName languagecode="1033" description="Create Player Name" />
      </LocalizedNames>
    </Workflow>
    <Workflow WorkflowId="{db40b037-bc90-ef11-8a69-7c1e52656107}" Name="Rate Prompt">
      <JsonFileName>/Workflows/RatePrompt-DB40B037-BC90-EF11-8A69-7C1E52656107.json</JsonFileName>
      <Type>1</Type>
      <Subprocess>0</Subprocess>
      <Category>5</Category>
      <Mode>0</Mode>
      <Scope>4</Scope>
      <OnDemand>0</OnDemand>
      <TriggerOnCreate>0</TriggerOnCreate>
      <TriggerOnDelete>0</TriggerOnDelete>
      <AsyncAutodelete>0</AsyncAutodelete>
      <SyncWorkflowLogOnFailure>0</SyncWorkflowLogOnFailure>
      <StateCode>1</StateCode>
      <StatusCode>2</StatusCode>
      <RunAs>1</RunAs>
      <IsTransacted>1</IsTransacted>
      <IntroducedVersion>1.0.0.0</IntroducedVersion>
      <IsCustomizable>1</IsCustomizable>
      <BusinessProcessType>0</BusinessProcessType>
      <IsCustomProcessingStepAllowedForOtherPublishers>1</IsCustomProcessingStepAllowedForOtherPublishers>
      <PrimaryEntity>none</PrimaryEntity>
      <LocalizedNames>
        <LocalizedName languagecode="1033" description="Rate Prompt" />
      </LocalizedNames>
    </Workflow>
  </Workflows>
  <FieldSecurityProfiles></FieldSecurityProfiles>
  <Templates />
  <EntityMaps />
  <EntityRelationships />
  <OrganizationSettings />
  <optionsets />
  <CustomControls />
  <EntityDataProviders />
  <CanvasApps>
    <CanvasApp>
      <Name>msftpm_promptmaster_b6d68</Name>
      <AppVersion>2024-11-20T23:32:46Z</AppVersion>
      <Status>Ready</Status>
      <CreatedByClientVersion>3.24111.11.0</CreatedByClientVersion>
      <MinClientVersion>3.24111.11.0</MinClientVersion>
      <Tags>{"primaryDeviceWidth":"1366","primaryDeviceHeight":"768","supportsPortrait":"true","supportsLandscape":"true","primaryFormFactor":"Tablet","showStatusBar":"false","publisherVersion":"3.24111.11","minimumRequiredApiVersion":"2.2.0","hasComponent":"true","hasUnlockedComponent":"true","isUnifiedRootApp":"false","sienaVersion":"20241120T150035Z-3.24111.11.0"}</Tags>
      <IsCdsUpgraded>0</IsCdsUpgraded>
      <GalleryItemId xsi:nil="true"></GalleryItemId>
      <BackgroundColor>rgba(0, 120, 212, 1)</BackgroundColor>
      <DisplayName>Prompt Master</DisplayName>
      <Description>Prompt Master is a challenge based game for Microsoft 365 Copilot.</Description>
      <CommitMessage xsi:nil="true"></CommitMessage>
      <Publisher xsi:nil="true"></Publisher>
      <AuthorizationReferences>[]</AuthorizationReferences>
      <ConnectionReferences>{"cde49e3f-c606-443c-834f-79ac9ba827a0":{"id":"/providers/microsoft.powerapps/apis/shared_sharepointonline","displayName":"SharePoint","iconUri":"https://connectoricons-prod.azureedge.net/u/jayawan/releases/v1.0.1697/1.0.1697.3786/sharepointonline/icon.png","dataSources":["Prompt Master Players List","Prompt Master Player Challenges List","Prompt Master Configuration List","Prompt Master Challenges List"],"dependencies":[],"dependents":[],"parameterHints":{},"parameterHintsV2":{},"isOnPremiseConnection":false,"bypassConsent":false,"dataSets":{"https://m365x54968485.sharepoint.com/sites/PromptMaster_msftpm_PromptMasterSPOSite":{"datasetOverride":{"name":"https://m365x54968485.sharepoint.com/sites/PromptMaster","environmentVariableName":"msftpm_PromptMasterSPOSite"},"dataSources":{"Prompt Master Players List":{"tableName":"4d557f32-80f2-46e9-b87c-b3e47cd2ca49","tableNameOverride":{"name":"4d557f32-80f2-46e9-b87c-b3e47cd2ca49","environmentVariableName":"msftpm_PromptMasterPlayersList"}},"Prompt Master Player Challenges List":{"tableName":"05b6412c-3be3-4782-8310-f48af1c7124c","tableNameOverride":{"name":"05b6412c-3be3-4782-8310-f48af1c7124c","environmentVariableName":"msftpm_PromptMasterPlayerChallengesList"}},"Prompt Master Configuration List":{"tableName":"489732b2-9340-4787-84bb-38bb58aacc69","tableNameOverride":{"name":"489732b2-9340-4787-84bb-38bb58aacc69","environmentVariableName":"msftpm_PromptMasterConfigurationList"}},"Prompt Master Challenges List":{"tableName":"dc4e0801-dc91-4bc6-9315-4d8c26e7e898","tableNameOverride":{"name":"dc4e0801-dc91-4bc6-9315-4d8c26e7e898","environmentVariableName":"msftpm_PromptMasterChallengesList"}}}}},"apiTier":"Standard","actions":["providers/PowerPlatform.Governance/Operations/Read","providers/PowerPlatform.Governance/Operations/Write","providers/PowerPlatform.Governance/Operations/Delete"],"isCustomApiSolutionAware":false},"494e8a7e-c014-454e-8742-355560e341b7":{"id":"/providers/microsoft.powerapps/apis/shared_office365groups","displayName":"Office 365 Groups","iconUri":"https://connectoricons-prod.azureedge.net/releases/v1.0.1681/1.0.1681.3663/office365groups/icon.png","dataSources":["Office365Groups"],"dependencies":[],"dependents":[],"parameterHints":{},"parameterHintsV2":{},"isOnPremiseConnection":false,"bypassConsent":false,"dataSets":{},"apiTier":"Standard","actions":["ListOwnedGroups_V3"],"isCustomApiSolutionAware":false},"041edfed-ac90-437b-86e7-8b9b270ffbd5":{"id":"/providers/microsoft.powerapps/apis/shared_logicflows","displayName":"Logic flows","iconUri":"https://connectoricons-prod.azureedge.net/releases/v1.0.1719/1.0.1719.3955/logicflows/icon.png","dataSources":["RatePrompt"],"dependencies":["9a9182e2-f8ab-480a-93cb-1f43aa5d8e9a"],"dependents":[],"parameterHints":{"workflowName":{"value":"1f2ed038-6d19-46d1-8fbc-808217d3e2ce"},"workflowEntityId":{"value":"db40b037-bc90-ef11-8a69-7c1e52656107"},"workflowDisplayName":{"value":"Rate Prompt"},"9a9182e2-f8ab-480a-93cb-1f43aa5d8e9a":{"value":"shared_promptmasterazureoai-5f7ba4752b062e588b-5f7e74836ff667c956-1"}},"parameterHintsV2":{"workflowName":{"value":"1f2ed038-6d19-46d1-8fbc-808217d3e2ce"},"workflowEntityId":{"value":"db40b037-bc90-ef11-8a69-7c1e52656107"},"workflowDisplayName":{"value":"Rate Prompt"},"shared_promptmasterazureoai-5f7ba4752b062e588b-5f7e74836ff667c956-1":{"value":"9a9182e2-f8ab-480a-93cb-1f43aa5d8e9a"}},"isOnPremiseConnection":false,"bypassConsent":false,"dataSets":{},"apiTier":"Standard","actions":["Run"],"isCustomApiSolutionAware":false},"9a9182e2-f8ab-480a-93cb-1f43aa5d8e9a":{"id":"/providers/microsoft.powerapps/apis/shared_promptmasterazureoai-5f7ba4752b062e588b-5f7e74836ff667c956","displayName":"PromptMasterAzureOAI","iconUri":"https://az787822.vo.msecnd.net/defaulticons/api-dedicated.png","dataSources":[],"dependencies":[],"dependents":["041edfed-ac90-437b-86e7-8b9b270ffbd5","ca4af6d0-226f-4d20-b002-44ef7a19102c"],"parameterHints":{},"parameterHintsV2":{},"isOnPremiseConnection":false,"bypassConsent":false,"dataSets":{},"apiTier":"Standard","customApiLogicalName":"msftpm_promptmasterazureoai","isCustomApiSolutionAware":true},"ca4af6d0-226f-4d20-b002-44ef7a19102c":{"id":"/providers/microsoft.powerapps/apis/shared_logicflows","displayName":"Logic flows","iconUri":"https://connectoricons-prod.azureedge.net/releases/v1.0.1719/1.0.1719.3955/logicflows/icon.png","dataSources":["CreatePlayerName"],"dependencies":["9a9182e2-f8ab-480a-93cb-1f43aa5d8e9a"],"dependents":[],"parameterHints":{"workflowName":{"value":"41b97c01-9847-43ce-9ea0-87044b334adf"},"workflowEntityId":{"value":"da40b037-bc90-ef11-8a69-7c1e52656107"},"workflowDisplayName":{"value":"Create Player Name"},"9a9182e2-f8ab-480a-93cb-1f43aa5d8e9a":{"value":"shared_promptmasterazureoai-5f7ba4752b062e588b-5f7e74836ff667c956-1"}},"parameterHintsV2":{"workflowName":{"value":"41b97c01-9847-43ce-9ea0-87044b334adf"},"workflowEntityId":{"value":"da40b037-bc90-ef11-8a69-7c1e52656107"},"workflowDisplayName":{"value":"Create Player Name"},"shared_promptmasterazureoai-5f7ba4752b062e588b-5f7e74836ff667c956-1":{"value":"9a9182e2-f8ab-480a-93cb-1f43aa5d8e9a"}},"isOnPremiseConnection":false,"bypassConsent":false,"dataSets":{},"apiTier":"Standard","actions":["Run"],"isCustomApiSolutionAware":false}}</ConnectionReferences>
      <DatabaseReferences>{"default.cds":{"databaseDetails":{"referenceType":"Environmental","environmentName":"default.cds","overrideValues":{"status":"NotSpecified","environmentVariableName":""}},"dataSources":{"Environment Variable Values":{"entitySetName":"environmentvariablevalues","logicalName":"environmentvariablevalue"},"Environment Variable Definitions":{"entitySetName":"environmentvariabledefinitions","logicalName":"environmentvariabledefinition"}}}}</DatabaseReferences>
      <AppComponents>[]</AppComponents>
      <AppComponentDependencies>[]</AppComponentDependencies>
      <CanConsumeAppPass>0</CanConsumeAppPass>
      <CanvasAppType>0</CanvasAppType>
      <BypassConsent>0</BypassConsent>
      <AdminControlBypassConsent>0</AdminControlBypassConsent>
      <EmbeddedApp xsi:nil="true"></EmbeddedApp>
      <IntroducedVersion>1.0</IntroducedVersion>
      <CdsDependencies>{"cdsdependencies":[{"logicalname":"msftpm_promptmasterazureoai","componenttype":372,"componenttypeplatformname":"connector"},{"dependencyid":"db40b037-bc90-ef11-8a69-7c1e52656107","componenttype":29,"componenttypeplatformname":"Workflow"},{"dependencyid":"da40b037-bc90-ef11-8a69-7c1e52656107","componenttype":29,"componenttypeplatformname":"Workflow"},{"logicalname":"environmentvariablevalue","componenttype":1},{"logicalname":"environmentvariabledefinition","componenttype":1},{"logicalname":"msftpm_PromptMasterSPOSite","componenttype":380,"componenttypeplatformname":"EnvironmentVariableDefinition"},{"logicalname":"msftpm_PromptMasterPlayersList","componenttype":380,"componenttypeplatformname":"EnvironmentVariableDefinition"},{"logicalname":"msftpm_PromptMasterPlayerChallengesList","componenttype":380,"componenttypeplatformname":"EnvironmentVariableDefinition"},{"logicalname":"msftpm_PromptMasterConfigurationList","componenttype":380,"componenttypeplatformname":"EnvironmentVariableDefinition"},{"logicalname":"msftpm_PromptMasterChallengesList","componenttype":380,"componenttypeplatformname":"EnvironmentVariableDefinition"}]}</CdsDependencies>
      <IsCustomizable>1</IsCustomizable>
      <BackgroundImageUri>/CanvasApps/msftpm_promptmaster_b6d68_BackgroundImageUri</BackgroundImageUri>
      <DocumentUri>/CanvasApps/msftpm_promptmaster_b6d68_DocumentUri.msapp</DocumentUri>
      <AdditionalUris>
        <AdditionalUri>/CanvasApps/msftpm_promptmaster_b6d68_AdditionalUris0_identity.json</AdditionalUri>
      </AdditionalUris>
    </CanvasApp>
  </CanvasApps>
  <connectionreferences>
    <connectionreference connectionreferencelogicalname="msftpm_PromptMasterAzureOAIConnection">
      <connectionreferencedisplayname>Prompt Master Azure OAI Connection</connectionreferencedisplayname>
      <connectorid>/providers/Microsoft.PowerApps/apis/shared_promptmasterazureoai-5f7ba4752b062e588b-5f7e74836ff667c956</connectorid>
      <customconnectorid>
        <connectorid>61e99cdd-b117-4ece-a47d-1202b98adfda</connectorid>
      </customconnectorid>
      <description>Connection to PromptMasterAzureOAI Custom Connector</description>
      <iscustomizable>1</iscustomizable>
      <statecode>0</statecode>
      <statuscode>1</statuscode>
    </connectionreference>
    <connectionreference connectionreferencelogicalname="msftpm_PromptMasterOffice365GroupsConnection">
      <connectionreferencedisplayname>Prompt Master Office 365 Groups Connection</connectionreferencedisplayname>
      <connectorid>/providers/Microsoft.PowerApps/apis/shared_office365groups</connectorid>
      <description>Connection to Office 365 Groups</description>
      <iscustomizable>1</iscustomizable>
      <statecode>0</statecode>
      <statuscode>1</statuscode>
    </connectionreference>
  </connectionreferences>
  <Languages>
    <Language>1033</Language>
  </Languages>
</ImportExportXml>