<environmentvariabledefinition schemaname="msftpm_PromptMasterAzureOAIEndpoint">
  <description default="Azure OpenAI Endpoint e.g. contoso-promptmaster.openai.azure.com">
    <label description="Azure OpenAI Endpoint e.g. contoso-promptmaster.openai.azure.com" languagecode="1033" />
  </description>
  <displayname default="Prompt Master Azure OAI Endpoint">
    <label description="Prompt Master Azure OAI Endpoint" languagecode="1033" />
  </displayname>
  <introducedversion>1.0.0.0</introducedversion>
  <iscustomizable>1</iscustomizable>
  <isrequired>0</isrequired>
  <secretstore>0</secretstore>
  <type>100000000</type>
</environmentvariabledefinition>